kod,sirket_adi,ilk_islem_tarihi,kac_tavan_yapti,devam_eden_seri,en_uzun_seri,guncel_getiri
BKRGY,Bakırcı Gayrimenkul Yatırım Ortaklığı A.Ş.,2 Eyl 2026,—,—,—,"-%31,86"
INTET,İntetra Teknoloji ve Bilişim Hizmetleri A.Ş.,1 Eyl 2026,4 gün,—,4 gün,"+%19,22"
KPEKS,Kapeks Kimya Sanayi A.Ş.,21 Ağu 2026,5 gün,—,5 gün,"+%1,17"
TKNKA,Teknika Plast Teknik Kalıp Plastik San. ve Tic. A.Ş.,20 Ağu 2026,7 gün,—,7 gün,"+%101,52"
VEYAS,Türker Vangölü Enerji Yatırım A.Ş.,20 Ağu 2026,—,—,1 gün,"-%6,62"
CITAS,Çitlekçi Mağazacılık Gıda A.Ş.,18 Ağu 2026,5 gün,—,5 gün,"+%134,74"
QUICK,Quick Sigorta A.Ş.,6 Ağu 2026,—,—,—,"-%20,30"
KARCL,Kardemir Çelik Sanayi A.Ş.,31 Tem 2026,3 gün,—,7 gün,"+%497,14"
MASFN,Masfen Enerji A.Ş.,30 Tem 2026,—,—,—,"-%15,72"
ALBTN,Albayrak Hazır Beton San. ve Tic. A.Ş.,29 Tem 2026,—,—,2 gün,"-%19,74"
METEN,Metgün Enerji Yatırımları A.Ş.,28 Tem 2026,2 gün,—,2 gün,"-%4,25"
SARAE,Şa-Ra Enerji İnşaat Ticaret ve Sanayi A.Ş.,17 Tem 2026,6 gün,—,6 gün,"+%10,14"
SSAAT,Saat ve Saat San. ve Tic. A.Ş.,16 Tem 2026,—,—,1 gün,"-%41,14"
ISVEA,İsvea Seramik ve Banyo Ürünleri Sanayi A.Ş.,10 Tem 2026,3 gün,—,6 gün,"+%354,31"
EKIM,Ekim Turizm Ticaret ve Sanayi A.Ş (Intercity),9 Tem 2026,—,—,1 gün,"-%40,88"
GOLDA,Golda Gıda Sanayi ve Ticaret A.Ş.,8 Tem 2026,8 gün,—,8 gün,"+%34,46"
ORZAX,Orzaks İlaç ve Kimya Sanayi Ticaret A.Ş.,7 Tem 2026,1 gün,—,3 gün,"+%25,29"
SOHOE,Soho Giyim ve Enerji A.Ş.,6 Tem 2026,1 gün,—,1 gün,"-%30,27"
BETAE,Beta Enerji ve Teknoloji A.Ş.,1 Tem 2026,10 gün,—,10 gün,"+%125,00"
EKDMR,Ekinciler Demir ve Çelik Sanayi A.Ş.,22 May 2026,4 gün,—,4 gün,"-%1,11"
AAGYO,Ağaoğlu Avrasya Gayrimenkul Yatırım Ortaklığı,9 Nis 2026,2 gün,—,2 gün,"-%43,08"
MCARD,Metropal Kurumsal Hizmetler A.Ş.,11 Mar 2026,4 gün,—,4 gün,"+%120,00"
LXGYO,Luxera Gayrimenkul Yatırım Ortaklığı A.Ş.,10 Mar 2026,7 gün,—,7 gün,"-%21,41"
GENKM,Gentaş Kimya San. ve Tic. Pazarlama A.Ş.,6 Mar 2026,5 gün,—,5 gün,"+%8,27"
SVGYO,Savur Gayrimenkul Yatırım Ortaklığı A.Ş.,6 Mar 2026,11 gün,—,11 gün,"+%331,59"
EMPAE,Empa Elektronik San. ve Tic. A.Ş.,26 Şub 2026,6 gün,—,8 gün,"+%179,09"
ATATR,ATA Turizm,19 Şub 2026,5 gün,—,5 gün,"+%24,82"
BESTE,Best Brands Grup Enerji Yatırım A.Ş.,11 Şub 2026,10 gün,—,10 gün,"+%107,35"
AKHAN,Akhan Un Fabrikası ve Tarım Ürünleri Gıda Sanayi Tic. A.Ş.,6 Şub 2026,4 gün,—,4 gün,"+%74,51"
NETCD,Netcad Yazılım A.Ş.,5 Şub 2026,8 gün,—,8 gün,"+%167,39"
UCAYM,Üçay Mühendislik Enerji ve İklimlendirme Teknolojileri A.Ş.,22 Oca 2026,8 gün,—,8 gün,"+%22,89"
ZGYO,Z Gayrimenkul Yatırım Ortaklığı A.Ş.,16 Oca 2026,3 gün,—,5 gün,"+%132,55"
FRMPL,Formül Plastik ve Metal Sanayi A.Ş.,15 Oca 2026,4 gün,—,4 gün,"+%4,63"
MEYSU,Meysu Gıda San. ve Tic. A.Ş.,13 Oca 2026,4 gün,—,4 gün,"+%50,00"
ARFYE,Arf Bio Yenilenebilir Enerji Üretim A.Ş.,5 Oca 2026,7 gün,—,7 gün,"+%3,59"
ZERGY,Zeray Gayrimenkul Yatırım Ortaklığı A.Ş.,18 Ara 2025,2 gün,—,3 gün,"-%22,38"
PAHOL,Pasifik Holding A.Ş.,21 Kas 2025,2 gün,—,2 gün,"-%10,00"
VAKFA,Vakıf Faktoring A.Ş.,20 Kas 2025,3 gün,—,3 gün,"-%20,63"
ECOGR,Ecogreen Enerji Holding A.Ş.,3 Kas 2025,11 gün,—,11 gün,"+%248,85"
DOFRB,Dof Robotik Sanayi A.Ş.,11 Eyl 2025,10 gün,—,10 gün,"+%153,11"
BULGS,Bulls Girişim Sermayesi Yatırım Ortaklığı A.Ş.,21 Şub 2025,3 gün,—,3 gün,"+%161,25"
BALSU,Balsu Gıda San. ve Tic. A.Ş.,20 Şub 2025,—,—,4 gün,"-%50,31"
ENDAE,Enda Enerji Holding A.Ş.,13 Şub 2025,—,—,2 gün,"-%4,76"
KLYPV,Kalyon Güneş Teknolojileri Üretim A.Ş.,13 Şub 2025,—,—,1 gün,"-%12,23"
VSNMD,Vişne Madencilik Üretim San. ve Tic. A.Ş.,11 Şub 2025,3 gün,—,11 gün,"+%10,10"
DSTKF,Destek Finans Faktoring A.Ş.,6 Şub 2025,5 gün,—,5 gün,"+%5.029,84"
BIGEN,Birleşim Grup Enerji Yatırımları A.Ş.,5 Şub 2025,1 gün,1 gün,8 gün,"+%1.012,85"
SERNT,Seranit Granit Seramik San. ve Tic. A.Ş.,4 Şub 2025,4 gün,—,4 gün,"-%30,00"
MOPAS,Mopaş Marketcilik Gıda San. ve Tic. A.Ş.,29 Oca 2025,1 gün,—,1 gün,"-%27,54"
AKFIS,Akfen İnşaat Turizm ve Ticaret A.Ş.,23 Oca 2025,—,—,3 gün,"-%54,70"
GLRMK,Gülermak Ağır Sanayi İnşaat ve Taahhüt A.Ş.,17 Oca 2025,—,—,2 gün,"+%41,60"
EGEGY,Egeyapı Avrupa Gayrimenkul Yatırım Ortaklığı A.Ş.,14 Oca 2025,—,—,2 gün,"+%74,00"
